"Status","Start Time","Stop Time","Duration in ms","Parent Suite","Suite","Sub Suite","Test Class","Test Method","Name","Description"
"passed","Fri Apr 30 04:27:01 GMT 2021","Fri Apr 30 04:27:05 GMT 2021","4036","","com.test.j4test.SquareFactoryThirdTest","","com.test.j4test.SquareFactoryThirdTest","sixthTest","sixthTest",""
"passed","Fri Apr 30 04:27:13 GMT 2021","Fri Apr 30 04:27:17 GMT 2021","4030","","com.test.j4test.SquareFactoryFirstTest","","com.test.j4test.SquareFactoryFirstTest","firstTest","firstTest()",""
"passed","Fri Apr 30 04:27:09 GMT 2021","Fri Apr 30 04:27:13 GMT 2021","4055","","com.test.j4test.SquareFactoryFourthTest","","com.test.j4test.SquareFactoryFourthTest","seventhTest","seventhTest()",""
"passed","Fri Apr 30 04:26:56 GMT 2021","Fri Apr 30 04:27:00 GMT 2021","4119","","com.test.j4test.SquareFactoryThirdTest","","com.test.j4test.SquareFactoryThirdTest","fifthTest","fifthTest",""
"passed","Fri Apr 30 04:27:13 GMT 2021","Fri Apr 30 04:27:17 GMT 2021","4027","","com.test.j4test.SquareFactoryFourthTest","","com.test.j4test.SquareFactoryFourthTest","eightTest","eightTest()",""
"passed","Fri Apr 30 04:26:56 GMT 2021","Fri Apr 30 04:27:00 GMT 2021","4034","","com.test.j4test.SquareFactoryFourthTest","","com.test.j4test.SquareFactoryFourthTest","ninthTest","ninthTest",""
"passed","Fri Apr 30 04:27:09 GMT 2021","Fri Apr 30 04:27:13 GMT 2021","4052","","com.test.j4test.SquareFactoryFirstTest","","com.test.j4test.SquareFactoryFirstTest","fsecondTest","fsecondTest()",""
"passed","Fri Apr 30 04:27:00 GMT 2021","Fri Apr 30 04:27:05 GMT 2021","4044","","com.test.j4test.SquareFactoryFourthTest","","com.test.j4test.SquareFactoryFourthTest","eightTest","eightTest",""
"passed","Fri Apr 30 04:27:05 GMT 2021","Fri Apr 30 04:27:09 GMT 2021","4081","","com.test.j4test.SquareFactorySecondTest","","com.test.j4test.SquareFactorySecondTest","fourthTest","fourthTest()",""
"passed","Fri Apr 30 04:27:05 GMT 2021","Fri Apr 30 04:27:09 GMT 2021","4088","","com.test.j4test.SquareFactorySecondTest","","com.test.j4test.SquareFactorySecondTest","thirdTest","thirdTest()",""
"passed","Fri Apr 30 04:27:05 GMT 2021","Fri Apr 30 04:27:09 GMT 2021","4051","","com.test.j4test.SquareFactoryFourthTest","","com.test.j4test.SquareFactoryFourthTest","seventhTest","seventhTest",""
